http,60081
https,47738
jpg,25931
people,21130
publisher,17000
html,13629
one,12683
pages,10772
journal,9524
image,9107
geo,9062
municipality,9037
like,8035
news,7666
mayor,7296
left,6891
live,6362
id,6298
png,6294
location,6144
isbn,5344
new,5072
page,5041
person,5026
metadata,4859
pdf,4830
high,4597
km,4278
issue,4083
long,4074
math,3942
google,3914
north,3865
number,3825
large,3700
php,3691
main,3618
map,3527
province,3412
life,3347
languages,3319
genus,3241
index,3135
movie,3124
low,3123
mean,3109
la,3067
net,2961
groups,2807
living,2766
official,2714
near,2637
plant,2613
max,2542
party,2483
government,2443
gallery,2439
pg,2387
old,2384
municipalities,2376
pmid,2359
meaning,2358
popular,2322
home,2266
land,2265
list,2256
link,2242
national,2207
movies,2177
go,2126
modern,2109
good,2082
metal,2048
plants,2035
help,2031
light,2027
order,1973
period,1957
mm,1944
present,1900
line,1879
information,1873
licence,1775
law,1684
members,1664
magazine,1642
iso,1629
man,1589
mythology,1573
nickname,1551
mi,1536
men,1519
names,1495
play,1494
major,1477
numbers,1432
point,1428
head,1412
level,1401
insee,1397
length,1394
pp,1382
inside,1371
label,1337
kind,1336
precipitation,1322
games,1313
general,1304
house,1303
natural,1298
logo,1290
native,1286
populations,1275
pop,1270
need,1261
lot,1257
position,1250
public,1240
male,1239
move,1227
king,1198
health,1194
motto,1190
musical,1186
istat,1180
northern,1175
next,1173
mobile,1168
political,1153
humans,1145
process,1130
ground,1116
info,1105
height,1101
media,1094
mountain,1094
phylum,1090
material,1089
member,1075
hand,1066
idea,1066
industry,1058
little,1041
newspaper,1036
genre,1032
nature,1032
issn,1015
grow,1001
know,999
killed,993
outside,982
images,976
lead,963
leaves,959
produced,959
movement,951
higher,944
instrument,942
online,936
pub,915
guitar,902
market,900
library,894
parish,882
oil,881
object,879
gas,873
middle,873
network,869
northeast,865
medicine,861
merged,859
medical,857
gods,855
hot,854
independent,846
published,846
month,830
northwest,813
inhabitants,808
night,805
heart,800
mass,796
lives,787
maps,787
ice,784
goes,778
production,777
program,775
love,762
oxygen,761
hair,758
physics,758
past,753
piece,752
pressure,747
model,742
led,740
producer,739
goddess,738
produce,735
meters,731
parishes,730
leader,728
heat,722
playing,720
islands,718
ideas,715
picture,711
mode,703
liquid,700
mathematics,686
historical,682
physical,678
heavy,663
kill,658
machine,655
programming,655
mouth,650
horse,646
matter,644
growth,641
meat,639
insects,634
lost,623
iron,621
method,619
legs,616
genera,613
hop,611
politics,608
plays,607
product,607
philosophy,604
months,597
politician,597
problem,597
laws,595
materials,595
oclc,591
guide,590
instruments,590
mountains,590
im,587
lake,584
owned,584
milk,582
geology,576
legal,576
port,574
mammals,571
prey,571
key,569
lines,569
opposite,567
humidity,565
looks,564
op,564
ogg,558
project,557
novel,553
practice,552
note,551
leaders,550
minutes,550
post,548
houses,547
multiple,547
kingdom,545
headquarters,543
insect,542
gender,541
police,539
job,534
ocean,531
owner,530
gold,529
protect,528
professional,525
individual,524
negative,523
miles,522
organisms,521
organization,520
literature,510
males,509
notes,509
pain,503
musician,502
parents,499
museum,498
performed,493
invented,492
poem,491
gray,490
match,490
park,488
knowledge,486
organism,486
layer,485
ones,482
pay,477
president,477
gene,475
host,475
goddesses,474
learn,474
lies,473
jstor,469
opera,468
letters,466
painting,466
mammal,463
press,461
protein,461
property,458
nihongo,456
peoples,456
married,454
measure,453
majority,446
mind,446
gif,445
lit,444
hands,441
infection,439
glass,438
ing,433
latitude,431
parent,429
mineral,426
programs,425
marine,421
metric,421
leaf,420
marriage,419
occupation,419
platform,417
properties,417
interest,413
molecule,413
industrial,410
hip,405
muscle,405
poor,403
kilometers,401
performance,401
hi,398
penis,398
molecules,397
goods,396
kg,395
longitude,395
plastic,395
hydrogen,394
mya,393
historic,392
moon,390
mental,389
organic,389
medium,387
management,386
particles,386
private,385
independence,383
orange,383
learning,382
pictures,382
influence,381
nuclear,380
giant,377
genetic,376
memory,373
percent,372
global,371
goal,371
lb,370
geometry,368
primary,364
homepage,362
medieval,359
pattern,357
publication,357
hill,354
genetics,353
ph,353
municipal,352
girls,351
neck,349
officer,348
genes,345
generation,344
nine,339
metres,336
identity,335
manager,331
nasa,331
item,330
motion,330
peace,327
musicians,325
piano,320
metals,317
nz,316
photo,313
protection,312
mixture,309
hurt,308
organ,308
provinces,307
nom,306
license,305
ic,302
nic,298
ie,297
perform,297
immune,296
increment,296
metro,296
membrane,295
heads,294
kings,293
hospital,292
illegal,292
patient,292
price,291
magnetic,290
jobs,287
phrase,287
plate,287
plain,284
hills,282
illness,282
oxide,282
mix,280
hole,278
muscles,278
particle,278
mark,275
paint,275
patterns,275
healthy,270
hundred,270
landscape,270
organs,270
horses,268
italic,267
psychology,266
hour,265
income,264
poison,264
orientation,263
palace,263
predators,263
gje,262
leg,261
parallel,261
ion,260
minor,260
liver,259
predator,259
genome,258
happy,258
killing,258
manga,258
nose,257
peak,256
necessary,255
operation,255
hero,254
hub,254
introduction,254
jaw,254
partner,254
hunting,253
grey,252
minerals,252
holes,251
husband,251
policy,251
holy,250
inch,250
interview,249
habitat,248
machines,248
maximum,248
handle,247
intelligence,247
lay,247
lists,247
plane,247
paintings,246
philosopher,246
jpeg,245
personality,245
hockey,244
nucleus,244
phone,244
pk,242
pronunciation,241
path,240
punk,239
mining,238
parliament,238
hidden,237
nothing,237
prefecture,237
hear,236
hormone,236
injury,236
poetry,236
magic,235
persons,235
pregnancy,235
popularity,233
potential,233
logic,232
motor,232
inches,231
lakes,229
profit,229
proteins,229
phase,225
joint,224
monitor,224
meeting,223
medicines,222
mouse,221
na,221
nations,221
icon,219
measurement,219
homes,218
permanent,216
industries,213
prayer,213
gravity,212
lungs,212
imperial,211
puberty,211
ko,210
larvae,210
impact,209
nest,208
prehistoric,208
ingredients,207
noun,207
morning,206
orbit,206
keyboard,205
league,204
photos,204
grain,203
kilometres,203
painter,203
lifestyle,202
medication,202
nerve,202
journals,201
mg,201
minister,201
honor,200
powder,200
hunt,199
mayors,199
myth,197
nitrogen,197
orchestra,196
hormones,195
indigenous,194
ill,193
malaria,193
gland,192
historian,192
phylogeny,192
horizontal,191
housing,191
mice,191
nutrients,191
pollen,191
glossary,190
hearing,190
limit,190
india,189
lizard,189
mathematical,189
oxidation,189
mechanics,187
millions,187
leather,186
lion,186
manufacturer,186
mit,186
hardware,185
imdb,185
intercourse,185
monument,185
minute,184
pepper,183
pregnant,183
print,183
justice,182
matches,182
governor,181
offspring,181
opinion,181
invasion,180
loc,180
priest,178
hide,177
jazz,177
judge,177
lyrics,177
guard,176
loan,176
northwestern,176
perfect,175
processor,175
guitarist,174
habitants,174
horror,173
mission,173
punishment,173
grammar,172
hotel,172
kr,172
mechanism,172
metre,172
monarchy,172
minority,171
networks,171
monarch,170
philosophers,170
gob,169
harm,169
kidney,169
larva,169
peninsula,169
imf,167
instructions,167
mile,167
gate,166
oral,166
monster,165
parasite,165
primitive,165
planets,164
pet,163
mating,162
household,161
meal,161
monastery,161
phylogenetic,161
mine,160
output,159
pd,159
lung,158
polygon,158
manufacturing,157
pitch,157
proof,157
marry,156
parasites,156
managed,155
glucose,154
grains,154
meter,154
mud,154
palm,154
graphics,153
kids,153
markets,153
mosque,153
jump,152
magnitude,152
inhabited,151
mail,151
gay,150
instruction,150
lie,150
genres,149
gone,149
hypothesis,149
inherited,149
listen,149
passenger,149
photosynthesis,149
galaxy,148
insurance,148
knows,148
lens,148
mainland,148
microscope,148
pan,148
historians,147
migration,147
neutral,147
perspective,147
principle,147
nationality,146
guns,145
pa,145
pubmed,145
ga,144
hammer,144
input,144
lighter,144
lying,144
mate,144
organisation,144
gaming,143
graph,143
oblast,143
potato,143
prince,143
generations,142
hat,141
journey,141
metabolism,141
goat,140
habitats,140
heating,140
jaws,140
ng,140
od,140
pig,140
poems,140
gross,139
integer,139
limestone,139
literacy,139
operas,139
ore,139
percussion,139
physiology,139
principles,139
kingdoms,138
lava,138
naked,138
oceans,138
paleontology,138
gases,137
interface,137
pao,137
pool,137
kernel,136
literary,136
moral,136
nutrition,136
owl,136
illustration,135
mature,135
portrait,135
humid,134
mirror,134
mol,134
nectar,134
preview,134
gut,133
linguistics,133
ne,133
prime,133
programme,133
marble,132
parasitic,132
parliamentary,132
horn,131
iucn,130
noise,130
pyramid,130
glands,129
lock,129
moderate,129
monuments,129
pleasure,129
pole,129
heaven,128
invention,128
ions,128
juice,128
mood,128
pine,128
pot,128
navy,127
perseus,127
ink,126
libraries,126
pigment,126
planning,126
guardian,125
harbour,125
institution,125
nuts,125
geographical,124
isotope,124
laboratory,124
mount,124
phyla,124
publishing,124
geological,123
lawyer,123
ownership,123
horns,122
inhabitant,122
offering,122
petroleum,122
pick,122
professor,122
gardens,121
hamlet,121
millennium,121
plot,121
poster,121
ign,120
investment,120
monitoring,120
mtv,120
pandemic,120
incorporated,119
knife,119
labor,119
mask,119
newspapers,119
proved,119
grid,118
hemisphere,118
jet,118
needle,118
operator,118
photograph,118
plateau,118
nsw,117
herpetology,116
manuscript,116
morphology,116
passengers,116
principal,116
ps,116
lift,115
lord,115
ly,115
marketing,115
msn,115
noaa,115
governments,114
inflammation,114
interior,114
lightning,114
lizards,114
mantle,114
pbs,114
potassium,114
historically,113
hydroxide,113
interpretation,113
mosques,113
motorway,113
pets,113
phenomenon,113
postcode,113
hybrid,112
infectious,112
ingredient,112
initial,112
ku,112
noble,112
payment,112
pray,112
psychological,112
photography,111
poisonous,111
gap,110
globe,110
hope,110
infant,110
manual,110
monk,110
pounds,110
gram,109
invertebrate,109
landmark,109
liquids,109
museums,109
opinions,109
poets,109
hunted,108
poverty,108
honour,107
kitchen,107
mainstream,107
monophyletic,107
mosquito,107
newborn,107
novels,107
poisoning,107
proton,107
galaxies,106
harvest,106
intelligent,106
jar,106
junction,106
kick,106
nobility,106
oak,106
perception,106
immigrants,105
jumping,105
load,105
log,105
matrix,105
myths,105
pilot,105
planes,105
gang,104
holidays,104
intestine,104
italics,104
kilometre,104
masturbation,104
missile,104
pipe,104
plains,104
preservation,104
projection,104
guitars,103
helium,103
herbivores,103
neighborhood,103
publish,103
gift,102
matters,102
pen,102
pharaoh,102
priests,102
promote,102
gasoline,101
github,101
happiness,101
herbivore,101
keyboards,101
mathematician,101
nickel,101
pollination,101
possession,101
influential,100
inheritance,100
magazines,100
mechanisms,100
misc,100
nuclei,100
percentage,100
polymer,100
prophet,100
grave,99
leadership,99
neutron,99
pocket,99
gifts,98
gum,98
liberal,98
mollusc,98
performances,98
polo,98
herbs,97
hotels,97
lowercase,97
nocturnal,97
nutrient,97
pedal,97
presentation,97
pride,97
prize,97
granite,96
hunter,96
inventor,96
limbs,96
megadeth,96
mimicry,96
phones,96
protest,96
herb,95
influenza,95
isotopes,95
jquery,95
lime,95
pond,95
protective,95
pump,95
grandson,94
injuries,94
nice,94
olive,94
please,94
puppet,94
geographic,93
gl,93
headquartered,93
knee,93
medlineplus,93
portable,93
